"AnnoMese";"Postazione";"Strada";"Corsia";"Giorni Validi";"Transiti - Totale";"Transiti - Non Classificato";"Transiti - Leggeri";"Transiti - Pesanti";"Transiti - Diurno";"Transiti - Notturno";"Transiti - Feriali";"Transiti - Festivi";"TGM - Totale";"TGM - Non Classificato";"TGM - Leggeri";"TGM - Pesanti";"TGM - Diurno";"TGM - Notturno";"TGM - Feriali";"TGM - Festivi"
"2019/07";"7";"SS 64 tra Porretta Terme e Sambuca Pistoiese";"0 - DA PORRETTA TERME A FERRARA";"31";"123.691";"16";"120.558";"3.117";"94.978";"28.713";"89.100";"34.591";"3.990";"1";"3.889";"101";"3.064";"926";"3.874";"4.324"
"2019/07";"7";"SS 64 tra Porretta Terme e Sambuca Pistoiese";"1 - DA FERRARA A PORRETTA TERME";"31";"125.926";"12";"122.895";"3.019";"96.482";"29.444";"90.528";"35.398";"4.062";"0";"3.964";"97";"3.112";"950";"3.936";"4.425"
"2019/07";"52";"SP 253 tra Sesto Imolese e Medicina";"0 - DA BOLOGNA A RAVENNA";"31";"116.921";"0";"106.835";"10.086";"89.701";"27.220";"84.236";"32.685";"3.772";"0";"3.446";"325";"2.894";"878";"3.662";"4.086"
"2019/07";"52";"SP 253 tra Sesto Imolese e Medicina";"1 - DA RAVENNA A BOLOGNA";"31";"109.857";"0";"100.023";"9.834";"78.528";"31.329";"79.664";"30.193";"3.544";"0";"3.227";"317";"2.533";"1.011";"3.464";"3.774"
"2019/07";"98";"SP 302R tra Brisighella e Marradi";"0 - DA CONFINE REGIONALE TOSCANA A FAENZA";"31";"55.023";"2";"53.036";"1.985";"38.874";"16.149";"39.381";"15.642";"1.775";"0";"1.711";"64";"1.254";"521";"1.712";"1.955"
"2019/07";"98";"SP 302R tra Brisighella e Marradi";"1 - DA FAENZA A CONFINE REGIONALE TOSCANA";"31";"55.707";"5";"53.728";"1.974";"40.447";"15.260";"39.801";"15.906";"1.797";"0";"1.733";"64";"1.305";"492";"1.730";"1.988"
"2019/07";"152";"SP 569 tra Innesto tangenziale Bologna e uscita Zola Predosa (Gesso/Rivabella)";"0 - DA BAZZANO A CASALECCHIO DI RENO";"31";"549.861";"24";"514.857";"34.980";"384.486";"165.375";"417.791";"132.070";"17.737";"1";"16.608";"1.128";"12.403";"5.335";"18.165";"16.509"
"2019/07";"152";"SP 569 tra Innesto tangenziale Bologna e uscita Zola Predosa (Gesso/Rivabella)";"1 - DA BAZZANO A CASALECCHIO DI RENO";"31";"361.173";"22";"357.284";"3.867";"285.347";"75.826";"297.851";"63.322";"11.651";"1";"11.525";"125";"9.205";"2.446";"12.950";"7.915"
"2019/07";"152";"SP 569 tra Innesto tangenziale Bologna e uscita Zola Predosa (Gesso/Rivabella)";"2 - DA CASALECCHIO DI RENO A BAZZANO";"31";"527.848";"56";"493.999";"33.793";"371.745";"156.103";"403.193";"124.655";"17.027";"2";"15.935";"1.090";"11.992";"5.036";"17.530";"15.582"
"2019/07";"152";"SP 569 tra Innesto tangenziale Bologna e uscita Zola Predosa (Gesso/Rivabella)";"3 - DA CASALECCHIO DI RENO A BAZZANO";"31";"419.869";"11";"415.633";"4.225";"326.272";"93.597";"345.161";"74.708";"13.544";"0";"13.408";"136";"10.525";"3.019";"15.007";"9.339"
"2019/07";"153";"Via Porrettana (ex SS 64) tra Bologna e Pontecchio Marconi";"0 - DA PORRETTA TERME A FERRARA";"30";"151.810";"6";"148.878";"2.926";"109.809";"42.001";"120.316";"31.494";"5.060";"0";"4.963";"98";"3.660";"1.400";"5.231";"4.499"
"2019/07";"153";"Via Porrettana (ex SS 64) tra Bologna e Pontecchio Marconi";"1 - DA FERRARA A PORRETTA TERME";"30";"167.033";"8";"163.978";"3.047";"120.530";"46.503";"133.385";"33.648";"5.568";"0";"5.466";"102";"4.018";"1.550";"5.799";"4.807"
"2019/07";"154";"Tra Rastignano e Pian di Macina (SP85 Fondo Valle Savena)";"0 - DA BIVIO LOIANO/MONZUNO A BOLOGNA";"31";"208.743";"17";"204.334";"4.392";"154.314";"54.429";"163.204";"45.539";"6.734";"1";"6.591";"142";"4.978";"1.756";"7.096";"5.692"
"2019/07";"154";"Tra Rastignano e Pian di Macina (SP85 Fondo Valle Savena)";"1 - DA BOLOGNA A BIVIO LOIANO/MONZUNO";"31";"173.761";"26";"169.877";"3.858";"126.149";"47.612";"133.179";"40.582";"5.605";"1";"5.480";"124";"4.069";"1.536";"5.790";"5.073"
"2019/07";"155";"Via Emilia tra San Lazzaro e Idice";"0 - DA RIMINI A PIACENZA";"31";"238.772";"9";"232.410";"6.353";"171.785";"66.987";"185.324";"53.448";"7.702";"0";"7.497";"205";"5.541";"2.161";"8.058";"6.681"
"2019/07";"155";"Via Emilia tra San Lazzaro e Idice";"1 - DA PIACENZA A RIMINI";"31";"188.000";"14";"182.487";"5.499";"136.827";"51.173";"147.271";"40.729";"6.065";"0";"5.887";"177";"4.414";"1.651";"6.403";"5.091"
"2019/07";"156";"SP 253 tra la località Villanova e inizio variante Castenaso";"0 - DA BOLOGNA A RAVENNA";"0";"";"";"";"";"";"";"";"";"";"";"";"";"";"";"";""
"2019/07";"156";"SP 253 tra la località Villanova e inizio variante Castenaso";"1 - DA RAVENNA A BOLOGNA";"0";"";"";"";"";"";"";"";"";"";"";"";"";"";"";"";""
"2019/07";"157";"Via San Donato (ex SP 5) tra Granarolo dell'Emilia e Quarto Inferiore";"0 - DA BOLOGNA A MOLINELLA";"31";"158.211";"8";"154.607";"3.596";"113.186";"45.025";"125.366";"32.845";"5.104";"0";"4.987";"116";"3.651";"1.452";"5.451";"4.106"
"2019/07";"157";"Via San Donato (ex SP 5) tra Granarolo dell'Emilia e Quarto Inferiore";"1 - DA MOLINELLA A BOLOGNA";"31";"150.336";"6";"146.687";"3.643";"113.063";"37.273";"119.506";"30.830";"4.850";"0";"4.732";"118";"3.647";"1.202";"5.196";"3.854"
"2019/07";"158";"SS 64 tra Bologna e Lovoleto";"0 - DA PORRETTA TERME A FERRARA";"31";"154.200";"16";"145.469";"8.715";"110.163";"44.037";"128.100";"26.100";"4.974";"1";"4.693";"281";"3.554";"1.421";"5.570";"3.263"
"2019/07";"158";"SS 64 tra Bologna e Lovoleto";"1 - DA FERRARA A PORRETTA TERME";"31";"169.763";"20";"159.816";"9.927";"126.392";"43.371";"141.965";"27.798";"5.476";"1";"5.155";"320";"4.077";"1.399";"6.172";"3.475"
"2019/07";"160";"SP 18 tra Bargellino e Calderara di Reno (c/o Variante SP18)";"0 - DA CALDERARA DI RENO A CASTEL D'ARGILE";"31";"238.706";"3";"219.687";"19.016";"184.657";"54.049";"201.689";"37.017";"7.700";"0";"7.087";"613";"5.957";"1.744";"8.769";"4.627"
"2019/07";"160";"SP 18 tra Bargellino e Calderara di Reno (c/o Variante SP18)";"1 - DA CASTEL D'ARGILE A CALDERARA DI RENO";"31";"233.196";"18";"213.686";"19.492";"172.843";"60.353";"197.033";"36.163";"7.522";"1";"6.893";"629";"5.576";"1.947";"8.567";"4.520"
"2019/07";"161";"SP 568 da Tavernelle all'intersezione della SP3";"0 - DA SAN FELICE SUL PANARO A BOLOGNA";"0";"";"";"";"";"";"";"";"";"";"";"";"";"";"";"";""
"2019/07";"161";"SP 568 da Tavernelle all'intersezione della SP3";"1 - DA BOLOGNA A SAN FELICE SUL PANARO";"0";"";"";"";"";"";"";"";"";"";"";"";"";"";"";"";""
"2019/07";"177";"NSA 313 - Prosecuzione tangenziale di Bologna complanare sud alla A 14 nel tratto San Lazzaro/Idice";"0 - DA BOLOGNA A OZZANO EMILIA";"31";"355.992";"16";"336.147";"19.829";"254.005";"101.987";"271.541";"84.451";"11.484";"1";"10.843";"640";"8.194";"3.290";"11.806";"10.556"
"2019/07";"177";"NSA 313 - Prosecuzione tangenziale di Bologna complanare sud alla A 14 nel tratto San Lazzaro/Idice";"1 - DA BOLOGNA A OZZANO EMILIA";"31";"158.736";"6";"156.965";"1.765";"127.119";"31.617";"122.714";"36.022";"5.121";"0";"5.063";"57";"4.101";"1.020";"5.335";"4.503"
"2019/07";"215";"SP 3_1 tra accesso interporto Bologna e viadotto A 13";"0 - DA SAN GIOVANNI IN PERSICETO A GRANAROLO DELL'EMILIA";"25";"293.598";"0";"229.072";"64.526";"195.044";"98.554";"253.399";"40.199";"11.744";"0";"9.163";"2.581";"7.802";"3.942";"13.337";"6.700"
"2019/07";"215";"SP 3_1 tra accesso interporto Bologna e viadotto A 13";"1 - DA GRANAROLO DELL'EMILIA A SAN GIOVANNI IN PERSICETO";"25";"278.635";"0";"216.900";"61.735";"181.300";"97.335";"241.850";"36.785";"11.145";"0";"8.676";"2.469";"7.252";"3.893";"12.729";"6.131"
"2019/07";"243";"SP 27 tra Ponte Samoggia e Muffa";"0 - DA PONTE SAMOGGIA A CRESPELLANO";"31";"107.428";"1";"102.292";"5.135";"78.934";"28.494";"84.572";"22.856";"3.465";"0";"3.300";"166";"2.546";"919";"3.677";"2.857"
"2019/07";"243";"SP 27 tra Ponte Samoggia e Muffa";"1 - DA CRESPELLANO A PONTE SAMOGGIA";"31";"106.019";"10";"101.401";"4.608";"75.350";"30.669";"83.605";"22.414";"3.420";"0";"3.271";"149";"2.431";"989";"3.635";"2.802"
"2019/07";"244";"SP 569 tra Pragatto e innesto variante Ponte Ronca";"0 - DA BAZZANO A CASALECCHIO DI RENO";"31";"167.819";"4";"162.843";"4.972";"127.988";"39.831";"131.605";"36.214";"5.414";"0";"5.253";"160";"4.129";"1.285";"5.722";"4.527"
"2019/07";"244";"SP 569 tra Pragatto e innesto variante Ponte Ronca";"1 - DA CASALECCHIO DI RENO A BAZZANO";"31";"137.395";"14";"133.160";"4.221";"103.207";"34.188";"109.306";"28.089";"4.432";"0";"4.295";"136";"3.329";"1.103";"4.752";"3.511"
"2019/07";"246";"SP 255 da Decima a San Giovanni in Persiceto";"0 - DA MODENA A FERRARA";"31";"204.292";"1";"190.482";"13.809";"149.053";"55.239";"166.143";"38.149";"6.590";"0";"6.145";"445";"4.808";"1.782";"7.224";"4.769"
"2019/07";"246";"SP 255 da Decima a San Giovanni in Persiceto";"1 - DA FERRARA A MODENA";"31";"203.492";"5";"189.439";"14.048";"147.912";"55.580";"165.343";"38.149";"6.564";"0";"6.111";"453";"4.771";"1.793";"7.189";"4.769"
"2019/07";"247";"SP 255 fra Nonantola e Sant'Agata Bolognese";"0 - DA MODENA A FERRARA";"29";"126.966";"7";"110.327";"16.632";"95.332";"31.634";"101.921";"25.045";"4.378";"0";"3.804";"574";"3.287";"1.091";"4.853";"3.131"
"2019/07";"247";"SP 255 fra Nonantola e Sant'Agata Bolognese";"1 - DA FERRARA A MODENA";"29";"122.698";"5";"105.930";"16.763";"90.254";"32.444";"97.158";"25.540";"4.231";"0";"3.653";"578";"3.112";"1.119";"4.627";"3.193"
"2019/07";"251";"SP 610 tra Imola e Casalfiumanese in località Ca' Miseria";"0 - DA INNESTO SS16 (SAN BIAGIO - ARGENTA) A CONFINE REGIONALE TOSCANA";"3";"19.307";"0";"18.211";"1.096";"14.353";"4.954";"19.307";"0";"6.436";"0";"6.070";"365";"4.784";"1.651";"6.436";"#DIV/0"
"2019/07";"251";"SP 610 tra Imola e Casalfiumanese in località Ca' Miseria";"1 - DA CONFINE REGIONALE TOSCANA A INNESTO SS16 (SAN BIAGIO - ARGENTA)";"3";"17.874";"1";"16.757";"1.116";"13.876";"3.998";"17.874";"0";"5.958";"0";"5.586";"372";"4.625";"1.333";"5.958";"#DIV/0"
"2019/07";"252";"SP 3_2 tra Budrio e bivio SP 29 per Medicina";"0 - DA GRANAROLO DELL'EMILIA A MEDICINA";"31";"157.640";"26";"144.848";"12.766";"123.145";"34.495";"119.869";"37.771";"5.085";"1";"4.673";"412";"3.972";"1.113";"5.212";"4.721"
"2019/07";"252";"SP 3_2 tra Budrio e bivio SP 29 per Medicina";"1 - DA MEDICINA A GRANAROLO DELL'EMILIA";"31";"156.352";"15";"143.969";"12.368";"114.211";"42.141";"119.604";"36.748";"5.044";"0";"4.644";"399";"3.684";"1.359";"5.200";"4.594"
"2019/07";"253";"SP 253 dal bivio SP6 per Budrio a Medicina";"0 - DA BOLOGNA A RAVENNA";"0";"";"";"";"";"";"";"";"";"";"";"";"";"";"";"";""
"2019/07";"253";"SP 253 dal bivio SP6 per Budrio a Medicina";"1 - DA RAVENNA A BOLOGNA";"0";"";"";"";"";"";"";"";"";"";"";"";"";"";"";"";""
"2019/07";"254";"SS 9 tra Ozzano Emilia e Castel San Pietro";"0 - DA RIMINI A PIACENZA";"31";"227.514";"4";"219.937";"7.573";"162.391";"65.123";"177.503";"50.011";"7.339";"0";"7.095";"244";"5.238";"2.101";"7.718";"6.251"
"2019/07";"254";"SS 9 tra Ozzano Emilia e Castel San Pietro";"1 - DA PIACENZA A RIMINI";"31";"258.848";"22";"250.114";"8.712";"189.231";"69.617";"198.903";"59.945";"8.350";"1";"8.068";"281";"6.104";"2.246";"8.648";"7.493"
"2019/07";"255";"SS 9 tra Castel San Pietro e Imola";"0 - DA RIMINI A PIACENZA";"29";"273.182";"57";"262.871";"10.254";"200.439";"72.743";"228.540";"44.642";"9.420";"2";"9.065";"354";"6.912";"2.508";"9.937";"7.440"
"2019/07";"255";"SS 9 tra Castel San Pietro e Imola";"1 - DA PIACENZA A RIMINI";"29";"271.067";"62";"261.138";"9.867";"202.985";"68.082";"225.001";"46.066";"9.347";"2";"9.005";"340";"6.999";"2.348";"9.783";"7.678"
"2019/07";"256";"SP 302R tra Faenza (bivio SP 66) e Brisighella";"0 - DA CONFINE REGIONALE TOSCANA A FAENZA";"31";"135.906";"5";"132.023";"3.878";"94.264";"41.642";"100.393";"35.513";"4.384";"0";"4.259";"125";"3.041";"1.343";"4.365";"4.439"
"2019/07";"256";"SP 302R tra Faenza (bivio SP 66) e Brisighella";"1 - DA FAENZA A CONFINE REGIONALE TOSCANA";"31";"133.185";"7";"129.499";"3.679";"93.136";"40.049";"98.074";"35.111";"4.296";"0";"4.177";"119";"3.004";"1.292";"4.264";"4.389"
"2019/07";"257";"SP 302R tra Faenza e il bivio SP 4 (a sud di Russi)";"0 - DA FAENZA A RUSSI";"31";"93.096";"2";"89.457";"3.637";"65.322";"27.774";"73.204";"19.892";"3.003";"0";"2.886";"117";"2.107";"896";"3.183";"2.487"
"2019/07";"257";"SP 302R tra Faenza e il bivio SP 4 (a sud di Russi)";"1 - DA RUSSI A FAENZA";"31";"97.917";"4";"94.426";"3.487";"71.043";"26.874";"76.118";"21.799";"3.159";"0";"3.046";"112";"2.292";"867";"3.309";"2.725"
"2019/07";"274";"SS 64 ai confini provinciali di Bologna e Ferrara";"0 - DA PORRETTA TERME A FERRARA";"29";"114.908";"9";"108.573";"6.326";"86.621";"28.287";"97.644";"17.264";"3.962";"0";"3.744";"218";"2.987";"975";"4.245";"2.877"
"2019/07";"274";"SS 64 ai confini provinciali di Bologna e Ferrara";"1 - DA FERRARA A PORRETTA TERME";"29";"117.777";"10";"111.028";"6.739";"84.598";"33.179";"100.569";"17.208";"4.061";"0";"3.829";"232";"2.917";"1.144";"4.373";"2.868"
"2019/07";"275";"SP 5 dall'intersezione SP 3 a intersezione per Ca' de Fabbri";"0 - DA BOLOGNA A MOLINELLA";"31";"146.177";"2";"139.338";"6.837";"106.497";"39.680";"119.867";"26.310";"4.715";"0";"4.495";"221";"3.435";"1.280";"5.212";"3.289"
"2019/07";"275";"SP 5 dall'intersezione SP 3 a intersezione per Ca' de Fabbri";"1 - DA MOLINELLA A BOLOGNA";"31";"143.539";"10";"136.848";"6.681";"109.504";"34.035";"118.217";"25.322";"4.630";"0";"4.414";"216";"3.532";"1.098";"5.140";"3.165"
"2019/07";"276";"SP 3_2 tra intersezione SP 5 e ponte torrente Idice";"0 - DA GRANAROLO DELL'EMILIA A MEDICINA";"31";"171.905";"0";"155.591";"16.314";"131.771";"40.134";"141.281";"30.624";"5.545";"0";"5.019";"526";"4.251";"1.295";"6.143";"3.828"
"2019/07";"276";"SP 3_2 tra intersezione SP 5 e ponte torrente Idice";"1 - DA MEDICINA A GRANAROLO DELL'EMILIA";"31";"192.008";"0";"174.887";"17.121";"145.737";"46.271";"153.949";"38.059";"6.194";"0";"5.642";"552";"4.701";"1.493";"6.693";"4.757"
"2019/07";"277";"SP 6 tra Budrio e San Martino in Argine";"0 - DA BUDRIO A MOLINELLA";"31";"107.573";"7";"100.645";"6.921";"78.561";"29.012";"87.777";"19.796";"3.470";"0";"3.247";"223";"2.534";"936";"3.816";"2.475"
"2019/07";"277";"SP 6 tra Budrio e San Martino in Argine";"1 - DA MOLINELLA A BUDRIO";"31";"102.315";"6";"95.668";"6.641";"74.817";"27.498";"83.751";"18.564";"3.300";"0";"3.086";"214";"2.413";"887";"3.641";"2.321"
"2019/07";"278";"SP 6 tra Budrio e bivio SP 253";"0 - DA BUDRIO A MOLINELLA";"31";"183.224";"3";"173.990";"9.231";"135.425";"47.799";"150.927";"32.297";"5.910";"0";"5.613";"298";"4.369";"1.542";"6.562";"4.037"
"2019/07";"278";"SP 6 tra Budrio e bivio SP 253";"1 - DA MOLINELLA A BUDRIO";"31";"181.490";"1";"172.431";"9.058";"138.020";"43.470";"149.400";"32.090";"5.855";"0";"5.562";"292";"4.452";"1.402";"6.496";"4.011"
"2019/07";"279";"SP 31 dal bivio SP 28 per Castenaso a Ponte Rizzoli";"0 - DA SAN LAZZARO DI SAVENA A CASTEL GUELFO DI BOLOGNA";"30";"113.879";"6";"105.949";"7.924";"92.112";"21.767";"92.625";"21.254";"3.796";"0";"3.532";"264";"3.070";"726";"4.027";"3.036"
"2019/07";"279";"SP 31 dal bivio SP 28 per Castenaso a Ponte Rizzoli";"1 - DA CASTEL GUELFO DI BOLOGNA A SAN LAZZARO DI SAVENA";"30";"300.784";"13";"283.128";"17.643";"234.167";"66.617";"249.605";"51.179";"10.026";"0";"9.438";"588";"7.806";"2.221";"10.852";"7.311"
"2019/07";"280";"SP 26 tra Gesso e Ponte Rivabella";"0 - DA BOLOGNA A VERGATO";"31";"296.980";"4";"291.079";"5.897";"206.287";"90.693";"233.330";"63.650";"9.580";"0";"9.390";"190";"6.654";"2.926";"10.145";"7.956"
"2019/07";"280";"SP 26 tra Gesso e Ponte Rivabella";"1 - DA VERGATO A BOLOGNA";"31";"297.206";"4";"291.251";"5.951";"219.296";"77.910";"234.198";"63.008";"9.587";"0";"9.395";"192";"7.074";"2.513";"10.183";"7.876"
"2019/07";"281";"SP 78_1 tra Bazzano e Intersezione SP 27 a Monteveglio";"0 - DA MONTEVEGLIO A BAZZANO";"30";"86.616";"18";"84.507";"2.091";"63.189";"23.427";"69.639";"16.977";"2.887";"1";"2.817";"70";"2.106";"781";"3.028";"2.425"
"2019/07";"281";"SP 78_1 tra Bazzano e Intersezione SP 27 a Monteveglio";"1 - DA BAZZANO A MONTEVEGLIO";"30";"81.607";"22";"79.416";"2.169";"57.848";"23.759";"65.825";"15.782";"2.720";"1";"2.647";"72";"1.928";"792";"2.862";"2.255"
"2019/07";"282";"SS 9 tra Anzola dell'Emilia e Bologna";"0 - DA RIMINI A PIACENZA";"31";"329.678";"7";"303.168";"26.503";"229.949";"99.729";"269.865";"59.813";"10.635";"0";"9.780";"855";"7.418";"3.217";"11.733";"7.477"
"2019/07";"282";"SS 9 tra Anzola dell'Emilia e Bologna";"1 - DA PIACENZA A RIMINI";"31";"299.691";"4";"273.008";"26.679";"215.554";"84.137";"245.726";"53.965";"9.667";"0";"8.807";"861";"6.953";"2.714";"10.684";"6.746"
"2019/07";"285";"SP 1 fra Crevalcore e Decima";"0 - DA SAN MATTEO DELLA DECIMA A CREVALCORE";"31";"87.577";"2";"82.436";"5.139";"62.223";"25.354";"71.485";"16.092";"2.825";"0";"2.659";"166";"2.007";"818";"3.108";"2.012"
"2019/07";"285";"SP 1 fra Crevalcore e Decima";"1 - DA CREVALCORE A SAN MATTEO DELLA DECIMA";"31";"87.862";"6";"82.613";"5.243";"65.063";"22.799";"71.483";"16.379";"2.834";"0";"2.665";"169";"2.099";"735";"3.108";"2.047"
"2019/07";"288";"SP 42 fra Pieve di Cento e Castello d'Argile";"0 - DA SAN GIORGIO DI PIANO A PIEVE DI CENTO";"31";"248.738";"4";"238.162";"10.572";"180.464";"68.274";"204.140";"44.598";"8.024";"0";"7.683";"341";"5.821";"2.202";"8.876";"5.575"
"2019/07";"288";"SP 42 fra Pieve di Cento e Castello d'Argile";"1 - DA PIEVE DI CENTO A SAN GIORGIO DI PIANO";"31";"245.809";"3";"235.673";"10.133";"177.407";"68.402";"203.147";"42.662";"7.929";"0";"7.602";"327";"5.723";"2.207";"8.832";"5.333"
"2019/07";"290";"SP 11 fra Pieve di Cento e San Pietro in Casale";"0 - DA SAN PIETRO IN CASALE A PIEVE DI CENTO";"31";"83.828";"0";"79.012";"4.816";"61.439";"22.389";"67.609";"16.219";"2.704";"0";"2.549";"155";"1.982";"722";"2.940";"2.027"
"2019/07";"290";"SP 11 fra Pieve di Cento e San Pietro in Casale";"1 - DA PIEVE DI CENTO A SAN PIETRO IN CASALE";"31";"86.050";"1";"81.144";"4.905";"63.588";"22.462";"69.821";"16.229";"2.776";"0";"2.618";"158";"2.051";"725";"3.036";"2.029"
"2019/07";"291";"SP 4 tra San Pietro in Casale e San Vincenzo/San Venanzio";"0 - DA BOLOGNA A GALLIERA";"31";"142.695";"1";"137.748";"4.946";"105.262";"37.433";"114.847";"27.848";"4.603";"0";"4.443";"160";"3.396";"1.208";"4.993";"3.481"
"2019/07";"291";"SP 4 tra San Pietro in Casale e San Vincenzo/San Venanzio";"1 - DA GALLIERA A BOLOGNA";"31";"145.651";"8";"140.200";"5.443";"104.473";"41.178";"117.725";"27.926";"4.698";"0";"4.523";"176";"3.370";"1.328";"5.118";"3.491"
"2019/07";"292";"SP 4 tra San Giorgio di Piano e Intersezione SP 11 c/o San Pietro in Casale";"0 - DA BOLOGNA A GALLIERA";"31";"237.292";"24";"229.264";"8.004";"170.156";"67.136";"193.984";"43.308";"7.655";"1";"7.396";"258";"5.489";"2.166";"8.434";"5.414"
"2019/07";"292";"SP 4 tra San Giorgio di Piano e Intersezione SP 11 c/o San Pietro in Casale";"1 - DA GALLIERA A BOLOGNA";"31";"241.899";"12";"232.749";"9.138";"173.981";"67.918";"198.311";"43.588";"7.803";"0";"7.508";"295";"5.612";"2.191";"8.622";"5.449"
"2019/07";"330";"SS 64 tra Sasso Marconi e Marzabotto";"0 - DA PORRETTA TERME A FERRARA";"0";"";"";"";"";"";"";"";"";"";"";"";"";"";"";"";""
"2019/07";"330";"SS 64 tra Sasso Marconi e Marzabotto";"1 - DA FERRARA A PORRETTA TERME";"0";"";"";"";"";"";"";"";"";"";"";"";"";"";"";"";""
"2019/07";"331";"SP 325 tra Casello A 1 (Sasso Marconi) e Vado";"0 - DA SASSO MARCONI A CONFINE REGIONALE TOSCANA";"31";"109.142";"7";"104.985";"4.150";"78.509";"30.633";"85.430";"23.712";"3.521";"0";"3.387";"134";"2.533";"988";"3.714";"2.964"
"2019/07";"331";"SP 325 tra Casello A 1 (Sasso Marconi) e Vado";"1 - DA CONFINE REGIONALE TOSCANA A SASSO MARCONI";"31";"109.736";"9";"105.457";"4.270";"81.126";"28.610";"85.638";"24.098";"3.540";"0";"3.402";"138";"2.617";"923";"3.723";"3.012"
"2019/07";"332";"SP 306R fra Castel Bolognese e Riolo Terme";"0 - DA CASTELBOLOGNESE A CONFINE REGIONALE TOSCANA";"31";"131.540";"7";"124.577";"6.956";"93.373";"38.167";"101.345";"30.195";"4.243";"0";"4.019";"224";"3.012";"1.231";"4.406";"3.774"
"2019/07";"332";"SP 306R fra Castel Bolognese e Riolo Terme";"1 - DA CONFINE REGIONALE TOSCANA A CASTELBOLOGNESE";"31";"127.953";"10";"121.493";"6.450";"91.833";"36.120";"98.004";"29.949";"4.128";"0";"3.919";"208";"2.962";"1.165";"4.261";"3.744"
"2019/07";"333";"SS 9 tra Castel Bolognese e Faenza";"0 - DA RIMINI A PIACENZA";"30";"342.193";"3";"328.862";"13.328";"235.111";"107.082";"269.090";"73.103";"11.406";"0";"10.962";"444";"7.837";"3.569";"11.700";"10.443"
"2019/07";"333";"SS 9 tra Castel Bolognese e Faenza";"1 - DA PIACENZA A RIMINI";"30";"328.262";"7";"316.283";"11.972";"234.698";"93.564";"262.923";"65.339";"10.942";"0";"10.543";"399";"7.823";"3.119";"11.431";"9.334"
"2019/07";"334";"SP 8 dal Casello A 1 (Faenza) a Cotignola";"0 - DA FAENZA A BAGNACAVALLO";"30";"200.869";"0";"187.897";"12.972";"144.646";"56.223";"158.531";"42.338";"6.696";"0";"6.263";"432";"4.822";"1.874";"6.893";"6.048"
"2019/07";"334";"SP 8 dal Casello A 1 (Faenza) a Cotignola";"1 - DA BAGNACAVALLO A FAENZA";"30";"235.596";"0";"223.247";"12.349";"171.122";"64.474";"186.368";"49.228";"7.853";"0";"7.442";"412";"5.704";"2.149";"8.103";"7.033"
"2019/07";"335";"SP 7 tra l'A 14 (bivio SP 29) e l'A 14dir (Barbiano)";"0 - DA FAENZA A LUGO";"0";"";"";"";"";"";"";"";"";"";"";"";"";"";"";"";""
"2019/07";"335";"SP 7 tra l'A 14 (bivio SP 29) e l'A 14dir (Barbiano)";"1 - DA LUGO A FAENZA";"0";"";"";"";"";"";"";"";"";"";"";"";"";"";"";"";""
"2019/07";"336";"SP 253R tra Lugo (ponte fiume Senio) e Bagnacavallo";"0 - DA BOLOGNA A RAVENNA";"11";"56.410";"0";"52.505";"3.905";"44.664";"11.746";"52.704";"3.706";"5.128";"0";"4.773";"355";"4.060";"1.068";"5.270";"3.706"
"2019/07";"336";"SP 253R tra Lugo (ponte fiume Senio) e Bagnacavallo";"1 - DA RAVENNA A BOLOGNA";"11";"44.933";"8";"42.161";"2.764";"34.825";"10.108";"41.337";"3.596";"4.085";"1";"3.833";"251";"3.166";"919";"4.134";"3.596"
"2019/07";"337";"SP 14 fra Lugo (bivio SSPP 41/46) e Fusignano";"0 - DA LUGO A FUSIGNANO";"31";"162.114";"23";"154.478";"7.613";"120.357";"41.757";"133.019";"29.095";"5.229";"1";"4.983";"246";"3.882";"1.347";"5.783";"3.637"
"2019/07";"337";"SP 14 fra Lugo (bivio SSPP 41/46) e Fusignano";"1 - DA FUSIGNANO A LUGO";"31";"160.912";"11";"153.036";"7.865";"121.483";"39.429";"131.630";"29.282";"5.191";"0";"4.937";"254";"3.919";"1.272";"5.723";"3.660"
"2019/07";"357";"SP 306R fra Casola Valsenio e bivio SP 65 c/o località Isola";"0 - DA CASTELBOLOGNESE A CONFINE REGIONALE TOSCANA";"31";"58.232";"12";"53.785";"4.435";"42.653";"15.579";"42.638";"15.594";"1.878";"0";"1.735";"143";"1.376";"503";"1.854";"1.949"
"2019/07";"357";"SP 306R fra Casola Valsenio e bivio SP 65 c/o località Isola";"1 - DA CONFINE REGIONALE TOSCANA A CASTELBOLOGNESE";"31";"57.620";"12";"53.280";"4.328";"41.959";"15.661";"41.974";"15.646";"1.859";"0";"1.719";"140";"1.354";"505";"1.825";"1.956"
"2019/07";"380";"SS 309Dir (tangenziale di Ravenna) in località Canalazzo";"0 - DA RAVENNA A CONFINE REGIONALE VENETO";"0";"";"";"";"";"";"";"";"";"";"";"";"";"";"";"";""
"2019/07";"380";"SS 309Dir (tangenziale di Ravenna) in località Canalazzo";"1 - DA CONFINE REGIONALE VENETO A RAVENNA";"0";"";"";"";"";"";"";"";"";"";"";"";"";"";"";"";""
"2019/07";"442";"SP 118 tra Casemurate (bivio SP 254R) e il confine provinciale";"0 - DA RAVENNA A CONFINE PROVINCIALE FORLI'-CESENA";"31";"56.167";"10";"51.859";"4.298";"39.087";"17.080";"43.859";"12.308";"1.812";"0";"1.673";"139";"1.261";"551";"1.907";"1.539"
"2019/07";"442";"SP 118 tra Casemurate (bivio SP 254R) e il confine provinciale";"1 - DA CONFINE PROVINCIALE FORLI'-CESENA A RAVENNA";"31";"122.907";"42";"100.409";"22.456";"89.766";"33.141";"95.130";"27.777";"3.965";"1";"3.239";"724";"2.896";"1.069";"4.136";"3.472"
"2019/07";"443";"SP 16 tra Faenza e il confine provinciale";"0 - DA FAENZA A CONFINE PROVINCIALE FORLI'-CESENA";"0";"";"";"";"";"";"";"";"";"";"";"";"";"";"";"";""
"2019/07";"443";"SP 16 tra Faenza e il confine provinciale";"1 - DA CONFINE PROVINCIALE FORLI'-CESENA A FAENZA";"0";"";"";"";"";"";"";"";"";"";"";"";"";"";"";"";""
"2019/07";"444";"SP 5 fra Russi e San Pancrazio";"0 - DA RUSSI A GHIBULLO (BIVIO SS67)";"0";"";"";"";"";"";"";"";"";"";"";"";"";"";"";"";""
"2019/07";"444";"SP 5 fra Russi e San Pancrazio";"1 - DA GHIBULLO (BIVIO SS67) A RUSSI";"31";"83.466";"14";"78.786";"4.666";"62.132";"21.334";"66.254";"17.212";"2.692";"0";"2.541";"151";"2.004";"688";"2.881";"2.152"
"2019/07";"445";"SP 610R fra SP 253R e Conselice";"0 - DA BIVIO SS16 (SAN BIAGIO - ARGENTA) A CONFINE PROVINCIALE BOLOGNA";"31";"90.988";"18";"78.665";"12.305";"67.380";"23.608";"72.448";"18.540";"2.935";"1";"2.538";"397";"2.174";"762";"3.150";"2.318"
"2019/07";"445";"SP 610R fra SP 253R e Conselice";"1 - DA CONFINE PROVINCIALE BOLOGNA A BIVIO SS16 (SAN BIAGIO - ARGENTA)";"31";"85.237";"23";"73.488";"11.726";"62.266";"22.971";"67.969";"17.268";"2.750";"1";"2.371";"378";"2.009";"741";"2.955";"2.159"
"2019/07";"446";"SP 13 in località Santa Maria di Fabriago";"0 - DA SANT'AGANTA SUL SANTERNO A LAVEZZOLA";"15";"62.847";"2";"57.517";"5.328";"47.206";"15.641";"56.820";"6.027";"4.190";"0";"3.834";"355";"3.147";"1.043";"4.371";"3.014"
"2019/07";"446";"SP 13 in località Santa Maria di Fabriago";"1 - DA LAVEZZOLA A SANT'AGANTA SUL SANTERNO";"15";"60.667";"2";"55.706";"4.959";"47.107";"13.560";"55.331";"5.336";"4.044";"0";"3.714";"331";"3.140";"904";"4.256";"2.668"
"2019/07";"501";"SP 84 località Crevalcore (variante abitato)";"0 - DA CREVALCORE A RAVARINO";"0";"";"";"";"";"";"";"";"";"";"";"";"";"";"";"";""
"2019/07";"501";"SP 84 località Crevalcore (variante abitato)";"1 - DA RAVARINO A CREVALCORE";"0";"";"";"";"";"";"";"";"";"";"";"";"";"";"";"";""
"2019/07";"502";"SP 26 tra località Pioppa e viadotto A 1 (c/o Zola Predosa)";"0 - DA BOLOGNA A VERGATO";"0";"";"";"";"";"";"";"";"";"";"";"";"";"";"";"";""
"2019/07";"502";"SP 26 tra località Pioppa e viadotto A 1 (c/o Zola Predosa)";"1 - DA VERGATO A BOLOGNA";"0";"";"";"";"";"";"";"";"";"";"";"";"";"";"";"";""
"2019/07";"503";"SP 26 tra Calderino e località Badia";"0 - DA BOLOGNA A VERGATO";"0";"";"";"";"";"";"";"";"";"";"";"";"";"";"";"";""
"2019/07";"503";"SP 26 tra Calderino e località Badia";"1 - DA VERGATO A BOLOGNA";"0";"";"";"";"";"";"";"";"";"";"";"";"";"";"";"";""
"2019/07";"504";"SP 7 dalla località Ca de' Mandorli al bivio per Castel de Britti";"0 - DA SAN LAZZARO DI SAVENA A MONGHIDORO";"31";"166.253";"5";"162.056";"4.192";"113.790";"52.463";"126.418";"39.835";"5.363";"0";"5.228";"135";"3.671";"1.692";"5.496";"4.979"
"2019/07";"504";"SP 7 dalla località Ca de' Mandorli al bivio per Castel de Britti";"1 - DA MONGHIDORO A SAN LAZZARO DI SAVENA";"31";"168.870";"4";"164.611";"4.255";"120.783";"48.087";"128.874";"39.996";"5.447";"0";"5.310";"137";"3.896";"1.551";"5.603";"5.000"
"2019/07";"505";"SP 610 tra casello A 1 (Imola) e bivio SP 51 per Castel Guelfo di Bologna";"0 - DA BIVIO SS16 (SAN BIAGIO - ARGENTA) A CONFINE REGIONALE TOSCANA";"31";"195.730";"18";"166.737";"28.975";"145.632";"50.098";"158.269";"37.461";"6.314";"1";"5.379";"935";"4.698";"1.616";"6.881";"4.683"
"2019/07";"505";"SP 610 tra casello A 1 (Imola) e bivio SP 51 per Castel Guelfo di Bologna";"1 - DA CONFINE REGIONALE TOSCANA A BIVIO SS16 (SAN BIAGIO - ARGENTA)";"31";"181.344";"17";"152.979";"28.348";"131.762";"49.582";"150.274";"31.070";"5.850";"1";"4.935";"914";"4.250";"1.599";"6.534";"3.884"
"2019/07";"600";"SP 19 tra SP31 e Medicina";"0 - DA MEDICINA A CASTEL SAN PIETRO TERME";"31";"121.928";"11";"110.278";"11.639";"96.932";"24.996";"94.912";"27.016";"3.933";"0";"3.557";"375";"3.127";"806";"4.127";"3.377"
"2019/07";"600";"SP 19 tra SP31 e Medicina";"1 - DA CASTEL SAN PIETRO TERME A MEDICINA";"31";"123.327";"10";"111.841";"11.476";"91.422";"31.905";"95.977";"27.350";"3.978";"0";"3.608";"370";"2.949";"1.029";"4.173";"3.419"
"2019/07";"601";"SP 21 da Castel San Pietro al bivio SP 35 (c/o Sassoleone)";"0 - DA CASTEL SAN PIETRO TERME A CASTEL DEL RIO";"31";"66.153";"5";"64.676";"1.472";"49.092";"17.061";"46.343";"19.810";"2.134";"0";"2.086";"47";"1.584";"550";"2.015";"2.476"
"2019/07";"601";"SP 21 da Castel San Pietro al bivio SP 35 (c/o Sassoleone)";"1 - DA CASTEL DEL RIO A CASTEL SAN PIETRO TERME";"31";"66.259";"10";"64.655";"1.594";"41.999";"24.260";"46.071";"20.188";"2.137";"0";"2.086";"51";"1.355";"783";"2.003";"2.524"
"2019/07";"602";"SP 9_1 da Crevalcore alla località Caselle";"0 - DA CREVALCORE A CAMPOSANTO";"30";"22.155";"0";"21.212";"943";"15.886";"6.269";"17.935";"4.220";"739";"0";"707";"31";"530";"209";"780";"603"
"2019/07";"602";"SP 9_1 da Crevalcore alla località Caselle";"1 - DA CAMPOSANTO A CREVALCORE";"30";"21.701";"3";"20.771";"927";"16.208";"5.493";"17.725";"3.976";"723";"0";"692";"31";"540";"183";"771";"568"
"2019/07";"603";"SP 10 dalla località Decima ai confini provinciali di Bologna e Ferrara";"0 - DA SAN MATTEO DELLA DECIMA A FINALE EMILIA";"0";"";"";"";"";"";"";"";"";"";"";"";"";"";"";"";""
"2019/07";"603";"SP 10 dalla località Decima ai confini provinciali di Bologna e Ferrara";"1 - DA FINALE EMILIA A SAN MATTEO DELLA DECIMA";"0";"";"";"";"";"";"";"";"";"";"";"";"";"";"";"";""
"2019/07";"604";"SP 37 da Sasso Marconi alla intersezione SP 58";"0 - DA BOLOGNA A SASSO MARCONI";"31";"80.808";"12";"77.608";"3.188";"63.670";"17.138";"64.365";"16.443";"2.607";"0";"2.503";"103";"2.054";"553";"2.798";"2.055"
"2019/07";"604";"SP 37 da Sasso Marconi alla intersezione SP 58";"1 - DA SASSO MARCONI A BOLOGNA";"31";"77.441";"6";"74.594";"2.841";"57.915";"19.526";"61.313";"16.128";"2.498";"0";"2.406";"92";"1.868";"630";"2.666";"2.016"
"2019/07";"605";"SP 324 da Silla alla intersezione SP 623";"0 - DA PORRETTA TERME A CONFINE REGIONALE TOSCANA";"6";"25.241";"0";"24.271";"970";"19.281";"5.960";"20.722";"4.519";"4.207";"0";"4.045";"162";"3.214";"993";"4.144";"4.519"
"2019/07";"605";"SP 324 da Silla alla intersezione SP 623";"1 - DA CONFINE REGIONALE TOSCANA A PORRETTA TERME";"6";"23.260";"3";"22.341";"916";"18.083";"5.177";"19.555";"3.705";"3.877";"1";"3.724";"153";"3.014";"863";"3.911";"3.705"
"2019/07";"618";"SP 253R fra Bagnacavallo (A14 Dir) e Godo (bivio SP 302R)";"0 - DA BAGNACAVALLO A RUSSI";"1";"4.351";"489";"3.668";"194";"3.119";"1.232";"4.351";"0";"4.351";"489";"3.668";"194";"3.119";"1.232";"4.351";"#DIV/0"
"2019/07";"618";"SP 253R fra Bagnacavallo (A14 Dir) e Godo (bivio SP 302R)";"1 - DA RUSSI A BAGNACAVALLO";"31";"107.925";"2";"100.545";"7.378";"79.500";"28.425";"85.667";"22.258";"3.481";"0";"3.243";"238";"2.565";"917";"3.725";"2.782"
"2019/07";"619";"SP 8 da Bagnacavallo al bivio SS 16";"0 - DA BAGNACAVALLO A ALFONSINE";"0";"";"";"";"";"";"";"";"";"";"";"";"";"";"";"";""
"2019/07";"619";"SP 8 da Bagnacavallo al bivio SS 16";"1 - DA ALFONSINE A BAGNACAVALLO";"31";"52.261";"20";"49.381";"2.860";"37.637";"14.624";"41.359";"10.902";"1.686";"1";"1.593";"92";"1.214";"472";"1.798";"1.363"
"2019/07";"627";"SS 64 variante di Riola di Vergato";"0 - DA PORRETTA TERME A FERRARA";"31";"147.325";"14";"141.057";"6.254";"108.119";"39.206";"105.486";"41.839";"4.752";"0";"4.550";"202";"3.488";"1.265";"4.586";"5.230"
"2019/07";"627";"SS 64 variante di Riola di Vergato";"1 - DA FERRARA A PORRETTA TERME";"31";"140.497";"15";"134.550";"5.932";"107.220";"33.277";"103.098";"37.399";"4.532";"0";"4.340";"191";"3.459";"1.073";"4.483";"4.675"
"2019/07";"651";"SS 9 da Imola a Castelbolognese (al confine provinciale)";"0 - DA RIMINI A PIACENZA";"30";"256.485";"0";"242.344";"14.141";"181.257";"75.228";"196.865";"59.620";"8.550";"0";"8.078";"471";"6.042";"2.508";"8.559";"8.517"
"2019/07";"651";"SS 9 da Imola a Castelbolognese (al confine provinciale)";"1 - DA PIACENZA A RIMINI";"30";"238.845";"0";"229.926";"8.919";"169.446";"69.399";"189.022";"49.823";"7.962";"0";"7.664";"297";"5.648";"2.313";"8.218";"7.118"
"2019/07";"653";"SP 254R dal ponte sul fiume Savio alla SS 16";"0 - DA FORLI' A CERVIA";"29";"189.587";"0";"186.382";"3.205";"137.114";"52.473";"139.579";"50.008";"6.537";"0";"6.427";"111";"4.728";"1.809";"6.345";"7.144"
"2019/07";"653";"SP 254R dal ponte sul fiume Savio alla SS 16";"1 - DA CERVIA A FORLI'";"29";"185.761";"0";"182.552";"3.209";"115.707";"70.054";"133.836";"51.925";"6.406";"0";"6.295";"111";"3.990";"2.416";"6.083";"7.418"
"2019/07";"654";"SP 7IBisR dal bivio SSPP 32/33ter alla SS 16";"0 - DA CESENA A CERVIA";"29";"299.631";"0";"292.307";"7.324";"219.986";"79.645";"222.830";"76.801";"10.332";"0";"10.080";"253";"7.586";"2.746";"10.129";"10.972"
"2019/07";"654";"SP 7IBisR dal bivio SSPP 32/33ter alla SS 16";"1 - DA CERVIA A CESENA";"29";"300.643";"0";"293.754";"6.889";"193.774";"106.869";"218.185";"82.458";"10.367";"0";"10.129";"238";"6.682";"3.685";"9.918";"11.780"
"2019/07";"655";"SP 253R dal bivio SP 302R allo svincolo A 14dir a Fornace Zarattini";"0 - DA RUSSI A RAVENNA";"19";"161.838";"0";"155.157";"6.681";"124.785";"37.053";"116.525";"45.313";"8.518";"0";"8.166";"352";"6.568";"1.950";"8.963";"7.552"
"2019/07";"655";"SP 253R dal bivio SP 302R allo svincolo A 14dir a Fornace Zarattini";"1 - DA RAVENNA A RUSSI";"10";"74.219";"0";"71.104";"3.115";"51.951";"22.268";"62.180";"12.039";"7.422";"0";"7.110";"312";"5.195";"2.227";"7.773";"6.020"

