"AnnoMese";"Postazione";"Strada";"Giorni Validi";"Transiti - Totale";"Transiti - Non Classificato";"Transiti - Leggeri";"Transiti - Pesanti";"Transiti - Diurno";"Transiti - Notturno";"Transiti - Feriali";"Transiti - Festivi";"TGM - Totale";"TGM - Non Classificato";"TGM - Leggeri";"TGM - Pesanti";"TGM - Diurno";"TGM - Notturno";"TGM - Feriali";"TGM - Festivi"
"2019/07";"7";"SS 64 tra Porretta Terme e Sambuca Pistoiese";"31";"249.617";"28";"243.453";"6.136";"191.460";"58.157";"179.628";"69.989";"8.052";"1";"7.853";"198";"6.176";"1.876";"7.810";"8.749"
"2019/07";"52";"SP 253 tra Sesto Imolese e Medicina";"31";"226.778";"0";"206.858";"19.920";"168.229";"58.549";"163.900";"62.878";"7.315";"0";"6.673";"643";"5.427";"1.889";"7.126";"7.860"
"2019/07";"98";"SP 302R tra Brisighella e Marradi";"31";"110.730";"7";"106.764";"3.959";"79.321";"31.409";"79.182";"31.548";"3.572";"0";"3.444";"128";"2.559";"1.013";"3.443";"3.944"
"2019/07";"152";"SP 569 tra Innesto tangenziale Bologna e uscita Zola Predosa (Gesso/Rivabella)";"31";"1.858.751";"113";"1.781.773";"76.865";"1.367.850";"490.901";"1.463.996";"394.755";"59.960";"4";"57.477";"2.480";"44.124";"15.836";"63.652";"49.344"
"2019/07";"153";"Via Porrettana (ex SS 64) tra Bologna e Pontecchio Marconi";"30";"318.843";"14";"312.856";"5.973";"230.339";"88.504";"253.701";"65.142";"10.628";"0";"10.429";"199";"7.678";"2.950";"11.030";"9.306"
"2019/07";"154";"Tra Rastignano e Pian di Macina (SP85 Fondo Valle Savena)";"31";"382.504";"43";"374.211";"8.250";"280.463";"102.041";"296.383";"86.121";"12.339";"1";"12.071";"266";"9.047";"3.292";"12.886";"10.765"
"2019/07";"155";"Via Emilia tra San Lazzaro e Idice";"31";"426.772";"23";"414.897";"11.852";"308.612";"118.160";"332.595";"94.177";"13.767";"1";"13.384";"382";"9.955";"3.812";"14.461";"11.772"
"2019/07";"156";"SP 253 tra la località Villanova e inizio variante Castenaso";"0";"";"";"";"";"";"";"";"";"";"";"";"";"";"";"";""
"2019/07";"157";"Via San Donato (ex SP 5) tra Granarolo dell'Emilia e Quarto Inferiore";"31";"308.547";"14";"301.294";"7.239";"226.249";"82.298";"244.872";"63.675";"9.953";"0";"9.719";"234";"7.298";"2.655";"10.647";"7.959"
"2019/07";"158";"SS 64 tra Bologna e Lovoleto";"31";"323.963";"36";"305.285";"18.642";"236.555";"87.408";"270.065";"53.898";"10.450";"1";"9.848";"601";"7.631";"2.820";"11.742";"6.737"
"2019/07";"160";"SP 18 tra Bargellino e Calderara di Reno (c/o Variante SP18)";"31";"471.902";"21";"433.373";"38.508";"357.500";"114.402";"398.722";"73.180";"15.223";"1";"13.980";"1.242";"11.532";"3.690";"17.336";"9.148"
"2019/07";"161";"SP 568 da Tavernelle all'intersezione della SP3";"0";"";"";"";"";"";"";"";"";"";"";"";"";"";"";"";""
"2019/07";"177";"NSA 313 - Prosecuzione tangenziale di Bologna complanare sud alla A 14 nel tratto San Lazzaro/Idice";"31";"514.728";"22";"493.112";"21.594";"381.124";"133.604";"394.255";"120.473";"16.604";"1";"15.907";"697";"12.294";"4.310";"17.142";"15.059"
"2019/07";"215";"SP 3_1 tra accesso interporto Bologna e viadotto A 13";"25";"572.233";"0";"445.972";"126.261";"376.344";"195.889";"495.249";"76.984";"22.889";"0";"17.839";"5.050";"15.054";"7.836";"26.066";"12.831"
"2019/07";"243";"SP 27 tra Ponte Samoggia e Muffa";"31";"213.447";"11";"203.693";"9.743";"154.284";"59.163";"168.177";"45.270";"6.885";"0";"6.571";"314";"4.977";"1.908";"7.312";"5.659"
"2019/07";"244";"SP 569 tra Pragatto e innesto variante Ponte Ronca";"31";"305.214";"18";"296.003";"9.193";"231.195";"74.019";"240.911";"64.303";"9.846";"1";"9.548";"297";"7.458";"2.388";"10.474";"8.038"
"2019/07";"246";"SP 255 da Decima a San Giovanni in Persiceto";"31";"407.784";"6";"379.921";"27.857";"296.965";"110.819";"331.486";"76.298";"13.154";"0";"12.256";"899";"9.580";"3.575";"14.412";"9.537"
"2019/07";"247";"SP 255 fra Nonantola e Sant'Agata Bolognese";"29";"249.664";"12";"216.257";"33.395";"185.586";"64.078";"199.079";"50.585";"8.609";"0";"7.457";"1.152";"6.400";"2.210";"9.480";"6.323"
"2019/07";"251";"SP 610 tra Imola e Casalfiumanese in località Ca' Miseria";"3";"37.181";"1";"34.968";"2.212";"28.229";"8.952";"37.181";"0";"12.394";"0";"11.656";"737";"9.410";"2.984";"12.394";"#DIV/0"
"2019/07";"252";"SP 3_2 tra Budrio e bivio SP 29 per Medicina";"31";"313.992";"41";"288.817";"25.134";"237.356";"76.636";"239.473";"74.519";"10.129";"1";"9.317";"811";"7.657";"2.472";"10.412";"9.315"
"2019/07";"253";"SP 253 dal bivio SP6 per Budrio a Medicina";"0";"";"";"";"";"";"";"";"";"";"";"";"";"";"";"";""
"2019/07";"254";"SS 9 tra Ozzano Emilia e Castel San Pietro";"31";"486.362";"26";"470.051";"16.285";"351.622";"134.740";"376.406";"109.956";"15.689";"1";"15.163";"525";"11.343";"4.346";"16.365";"13.745"
"2019/07";"255";"SS 9 tra Castel San Pietro e Imola";"29";"544.249";"119";"524.009";"20.121";"403.424";"140.825";"453.541";"90.708";"18.767";"4";"18.069";"694";"13.911";"4.856";"19.719";"15.118"
"2019/07";"256";"SP 302R tra Faenza (bivio SP 66) e Brisighella";"31";"269.091";"12";"261.522";"7.557";"187.400";"81.691";"198.467";"70.624";"8.680";"0";"8.436";"244";"6.045";"2.635";"8.629";"8.828"
"2019/07";"257";"SP 302R tra Faenza e il bivio SP 4 (a sud di Russi)";"31";"191.013";"6";"183.883";"7.124";"136.365";"54.648";"149.322";"41.691";"6.162";"0";"5.932";"230";"4.399";"1.763";"6.492";"5.211"
"2019/07";"274";"SS 64 ai confini provinciali di Bologna e Ferrara";"29";"232.685";"19";"219.601";"13.065";"171.219";"61.466";"198.213";"34.472";"8.024";"1";"7.572";"451";"5.904";"2.120";"8.618";"5.745"
"2019/07";"275";"SP 5 dall'intersezione SP 3 a intersezione per Ca' de Fabbri";"31";"289.716";"12";"276.186";"13.518";"216.001";"73.715";"238.084";"51.632";"9.346";"0";"8.909";"436";"6.968";"2.378";"10.351";"6.454"
"2019/07";"276";"SP 3_2 tra intersezione SP 5 e ponte torrente Idice";"31";"363.913";"0";"330.478";"33.435";"277.508";"86.405";"295.230";"68.683";"11.739";"0";"10.661";"1.079";"8.952";"2.787";"12.836";"8.585"
"2019/07";"277";"SP 6 tra Budrio e San Martino in Argine";"31";"209.888";"13";"196.313";"13.562";"153.378";"56.510";"171.528";"38.360";"6.771";"0";"6.333";"437";"4.948";"1.823";"7.458";"4.795"
"2019/07";"278";"SP 6 tra Budrio e bivio SP 253";"31";"364.714";"4";"346.421";"18.289";"273.445";"91.269";"300.327";"64.387";"11.765";"0";"11.175";"590";"8.821";"2.944";"13.058";"8.048"
"2019/07";"279";"SP 31 dal bivio SP 28 per Castenaso a Ponte Rizzoli";"30";"414.663";"19";"389.077";"25.567";"326.279";"88.384";"342.230";"72.433";"13.822";"1";"12.969";"852";"10.876";"2.946";"14.880";"10.348"
"2019/07";"280";"SP 26 tra Gesso e Ponte Rivabella";"31";"594.186";"8";"582.330";"11.848";"425.583";"168.603";"467.528";"126.658";"19.167";"0";"18.785";"382";"13.728";"5.439";"20.327";"15.832"
"2019/07";"281";"SP 78_1 tra Bazzano e Intersezione SP 27 a Monteveglio";"30";"168.223";"40";"163.923";"4.260";"121.037";"47.186";"135.464";"32.759";"5.607";"1";"5.464";"142";"4.035";"1.573";"5.890";"4.680"
"2019/07";"282";"SS 9 tra Anzola dell'Emilia e Bologna";"31";"629.369";"11";"576.176";"53.182";"445.503";"183.866";"515.591";"113.778";"20.302";"0";"18.586";"1.716";"14.371";"5.931";"22.417";"14.222"
"2019/07";"285";"SP 1 fra Crevalcore e Decima";"31";"175.439";"8";"165.049";"10.382";"127.286";"48.153";"142.968";"32.471";"5.659";"0";"5.324";"335";"4.106";"1.553";"6.216";"4.059"
"2019/07";"288";"SP 42 fra Pieve di Cento e Castello d'Argile";"31";"494.547";"7";"473.835";"20.705";"357.871";"136.676";"407.287";"87.260";"15.953";"0";"15.285";"668";"11.544";"4.409";"17.708";"10.908"
"2019/07";"290";"SP 11 fra Pieve di Cento e San Pietro in Casale";"31";"169.878";"1";"160.156";"9.721";"125.027";"44.851";"137.430";"32.448";"5.480";"0";"5.166";"314";"4.033";"1.447";"5.975";"4.056"
"2019/07";"291";"SP 4 tra San Pietro in Casale e San Vincenzo/San Venanzio";"31";"288.346";"9";"277.948";"10.389";"209.735";"78.611";"232.572";"55.774";"9.301";"0";"8.966";"335";"6.766";"2.536";"10.112";"6.972"
"2019/07";"292";"SP 4 tra San Giorgio di Piano e Intersezione SP 11 c/o San Pietro in Casale";"31";"479.191";"36";"462.013";"17.142";"344.137";"135.054";"392.295";"86.896";"15.458";"1";"14.904";"553";"11.101";"4.357";"17.056";"10.862"
"2019/07";"330";"SS 64 tra Sasso Marconi e Marzabotto";"0";"";"";"";"";"";"";"";"";"";"";"";"";"";"";"";""
"2019/07";"331";"SP 325 tra Casello A 1 (Sasso Marconi) e Vado";"31";"218.878";"16";"210.442";"8.420";"159.635";"59.243";"171.068";"47.810";"7.061";"1";"6.788";"272";"5.150";"1.911";"7.438";"5.976"
"2019/07";"332";"SP 306R fra Castel Bolognese e Riolo Terme";"31";"259.493";"17";"246.070";"13.406";"185.206";"74.287";"199.349";"60.144";"8.371";"1";"7.938";"432";"5.974";"2.396";"8.667";"7.518"
"2019/07";"333";"SS 9 tra Castel Bolognese e Faenza";"30";"670.455";"10";"645.145";"25.300";"469.809";"200.646";"532.013";"138.442";"22.349";"0";"21.505";"843";"15.660";"6.688";"23.131";"19.777"
"2019/07";"334";"SP 8 dal Casello A 1 (Faenza) a Cotignola";"30";"436.465";"0";"411.144";"25.321";"315.768";"120.697";"344.899";"91.566";"14.549";"0";"13.705";"844";"10.526";"4.023";"14.996";"13.081"
"2019/07";"335";"SP 7 tra l'A 14 (bivio SP 29) e l'A 14dir (Barbiano)";"0";"";"";"";"";"";"";"";"";"";"";"";"";"";"";"";""
"2019/07";"336";"SP 253R tra Lugo (ponte fiume Senio) e Bagnacavallo";"11";"101.343";"8";"94.666";"6.669";"79.489";"21.854";"94.041";"7.302";"9.213";"1";"8.606";"606";"7.226";"1.987";"9.404";"7.302"
"2019/07";"337";"SP 14 fra Lugo (bivio SSPP 41/46) e Fusignano";"31";"323.026";"34";"307.514";"15.478";"241.840";"81.186";"264.649";"58.377";"10.420";"1";"9.920";"499";"7.801";"2.619";"11.506";"7.297"
"2019/07";"357";"SP 306R fra Casola Valsenio e bivio SP 65 c/o località Isola";"31";"115.852";"24";"107.065";"8.763";"84.612";"31.240";"84.612";"31.240";"3.737";"1";"3.454";"283";"2.729";"1.008";"3.679";"3.905"
"2019/07";"380";"SS 309Dir (tangenziale di Ravenna) in località Canalazzo";"0";"";"";"";"";"";"";"";"";"";"";"";"";"";"";"";""
"2019/07";"442";"SP 118 tra Casemurate (bivio SP 254R) e il confine provinciale";"31";"179.074";"52";"152.268";"26.754";"128.853";"50.221";"138.989";"40.085";"5.777";"2";"4.912";"863";"4.157";"1.620";"6.043";"5.011"
"2019/07";"443";"SP 16 tra Faenza e il confine provinciale";"0";"";"";"";"";"";"";"";"";"";"";"";"";"";"";"";""
"2019/07";"444";"SP 5 fra Russi e San Pancrazio";"0";"";"";"";"";"";"";"";"";"";"";"";"";"";"";"";""
"2019/07";"445";"SP 610R fra SP 253R e Conselice";"31";"176.225";"41";"152.153";"24.031";"129.646";"46.579";"140.417";"35.808";"5.685";"1";"4.908";"775";"4.182";"1.503";"6.105";"4.476"
"2019/07";"446";"SP 13 in località Santa Maria di Fabriago";"15";"123.514";"4";"113.223";"10.287";"94.313";"29.201";"112.151";"11.363";"8.234";"0";"7.548";"686";"6.288";"1.947";"8.627";"5.682"
"2019/07";"501";"SP 84 località Crevalcore (variante abitato)";"0";"";"";"";"";"";"";"";"";"";"";"";"";"";"";"";""
"2019/07";"502";"SP 26 tra località Pioppa e viadotto A 1 (c/o Zola Predosa)";"0";"";"";"";"";"";"";"";"";"";"";"";"";"";"";"";""
"2019/07";"503";"SP 26 tra Calderino e località Badia";"0";"";"";"";"";"";"";"";"";"";"";"";"";"";"";"";""
"2019/07";"504";"SP 7 dalla località Ca de' Mandorli al bivio per Castel de Britti";"31";"335.123";"9";"326.667";"8.447";"234.573";"100.550";"255.292";"79.831";"10.810";"0";"10.538";"272";"7.567";"3.244";"11.100";"9.979"
"2019/07";"505";"SP 610 tra casello A 1 (Imola) e bivio SP 51 per Castel Guelfo di Bologna";"31";"377.074";"35";"319.716";"57.323";"277.394";"99.680";"308.543";"68.531";"12.164";"1";"10.313";"1.849";"8.948";"3.215";"13.415";"8.566"
"2019/07";"600";"SP 19 tra SP31 e Medicina";"31";"245.255";"21";"222.119";"23.115";"188.354";"56.901";"190.889";"54.366";"7.911";"1";"7.165";"746";"6.076";"1.836";"8.300";"6.796"
"2019/07";"601";"SP 21 da Castel San Pietro al bivio SP 35 (c/o Sassoleone)";"31";"132.412";"15";"129.331";"3.066";"91.091";"41.321";"92.414";"39.998";"4.271";"0";"4.172";"99";"2.938";"1.333";"4.018";"5.000"
"2019/07";"602";"SP 9_1 da Crevalcore alla località Caselle";"30";"43.856";"3";"41.983";"1.870";"32.094";"11.762";"35.660";"8.196";"1.462";"0";"1.399";"62";"1.070";"392";"1.550";"1.171"
"2019/07";"603";"SP 10 dalla località Decima ai confini provinciali di Bologna e Ferrara";"0";"";"";"";"";"";"";"";"";"";"";"";"";"";"";"";""
"2019/07";"604";"SP 37 da Sasso Marconi alla intersezione SP 58";"31";"158.249";"18";"152.202";"6.029";"121.585";"36.664";"125.678";"32.571";"5.105";"1";"4.910";"194";"3.922";"1.183";"5.464";"4.071"
"2019/07";"605";"SP 324 da Silla alla intersezione SP 623";"6";"48.501";"3";"46.612";"1.886";"37.364";"11.137";"40.277";"8.224";"8.084";"1";"7.769";"314";"6.227";"1.856";"8.055";"8.224"
"2019/07";"618";"SP 253R fra Bagnacavallo (A14 Dir) e Godo (bivio SP 302R)";"1";"8.007";"489";"7.065";"453";"5.863";"2.144";"8.007";"0";"8.007";"489";"7.065";"453";"5.863";"2.144";"8.007";"#DIV/0"
"2019/07";"619";"SP 8 da Bagnacavallo al bivio SS 16";"0";"";"";"";"";"";"";"";"";"";"";"";"";"";"";"";""
"2019/07";"627";"SS 64 variante di Riola di Vergato";"31";"287.822";"29";"275.607";"12.186";"215.339";"72.483";"208.584";"79.238";"9.285";"1";"8.891";"393";"6.946";"2.338";"9.069";"9.905"
"2019/07";"651";"SS 9 da Imola a Castelbolognese (al confine provinciale)";"30";"495.330";"0";"472.270";"23.060";"350.703";"144.627";"385.887";"109.443";"16.511";"0";"15.742";"769";"11.690";"4.821";"16.778";"15.635"
"2019/07";"653";"SP 254R dal ponte sul fiume Savio alla SS 16";"29";"375.348";"0";"368.934";"6.414";"252.821";"122.527";"273.415";"101.933";"12.943";"0";"12.722";"221";"8.718";"4.225";"12.428";"14.562"
"2019/07";"654";"SP 7IBisR dal bivio SSPP 32/33ter alla SS 16";"29";"600.274";"0";"586.061";"14.213";"413.760";"186.514";"441.015";"159.259";"20.699";"0";"20.209";"490";"14.268";"6.432";"20.046";"22.751"
"2019/07";"655";"SP 253R dal bivio SP 302R allo svincolo A 14dir a Fornace Zarattini";"10";"159.294";"0";"152.373";"6.921";"116.453";"42.841";"134.100";"25.194";"15.929";"0";"15.237";"692";"11.645";"4.284";"16.763";"12.597"

